time,mag,place,lon,lat,depth,time_days
1998-03-11 09:09:06.400000+00:00,3.3,EGYPT,34.9,29.3,5.0,14.00116898148148
1998-02-25 09:07:25.400000+00:00,3.1,DEAD SEA REGION,35.2,31.1,0.0,0.0
1998-04-14 21:29:51.100000+00:00,3.0,DEAD SEA REGION,35.6,31.4,10.0,48.515575231481485
1998-05-12 22:13:11.200000+00:00,3.2,DEAD SEA REGION,34.6691,31.6775,20.0,76.54566898148148
1998-04-25 01:29:34.600000+00:00,3.8,EGYPT,34.5486,29.7528,23.0,58.68205092592593
1998-04-24 09:54:26.300000+00:00,3.2,EGYPT,34.5583,29.7629,20.0,58.03264930555556
1998-06-15 22:03:28.800000+00:00,3.1,EGYPT,34.8476,28.6402,2.0,110.53892824074074
1998-06-14 00:26:32+00:00,3.0,EGYPT,34.6,29.8,17.0,108.63827083333332
1998-06-07 05:58:29+00:00,4.4,EGYPT,29.1978,27.2396,10.0,101.86879166666667
1998-06-05 10:30:56.500000+00:00,3.2,RED SEA,35.1929,26.7983,40.0,100.05799884259258
1998-05-31 13:25:28+00:00,3.7,DEAD SEA REGION,35.0,30.2,3.0,95.17919675925926
1998-05-28 18:33:32.500000+00:00,5.5,EGYPT,27.6484,31.44,28.1,92.39313773148147
1998-05-24 18:58:59.500000+00:00,3.5,DEAD SEA REGION,35.0,30.2,8.0,88.4108113425926
1998-06-27 21:38:59.400000+00:00,3.0,EGYPT,34.5,29.8,9.0,122.5219212962963
1998-06-24 04:30:45.100000+00:00,3.1,EGYPT,34.9,29.0,5.0,118.80786689814813
1998-08-11 07:03:20.300000+00:00,3.4,EGYPT,34.7943,28.8116,20.0,166.9138298611111
1998-08-10 11:23:51.800000+00:00,3.4,EGYPT,34.7644,29.1902,2.0,166.09475
1998-08-02 11:57:06.100000+00:00,3.1,DEAD SEA REGION,35.99,31.58,35.0,158.1178321759259
1998-09-12 15:51:05.300000+00:00,3.2,WESTERN SAUDI ARABIA,35.0708,27.2841,10.0,199.28032291666665
1998-09-05 06:06:48.900000+00:00,3.1,RED SEA,34.5215,27.5726,30.0,191.8745775462963
1998-09-03 21:10:23.700000+00:00,3.0,EGYPT,34.7176,28.1676,10.0,190.5020636574074
1998-09-03 01:51:02.900000+00:00,3.7,EGYPT,34.6,28.28,7.0,189.69696180555556
1998-08-28 09:44:22+00:00,3.4,EGYPT,34.6,28.3,12.0,184.0256550925926
1998-08-28 09:21:23.100000+00:00,3.0,EGYPT,34.6,28.3,12.0,184.00969560185183
1998-08-25 13:03:03.700000+00:00,3.1,EGYPT,34.7,29.2,12.0,181.1636377314815
1998-08-23 07:29:57.400000+00:00,3.2,EGYPT,34.8078,28.8159,15.0,178.93231481481482
1998-10-13 06:27:19.500000+00:00,3.0,EGYPT,34.7859,28.597,5.0,229.88882060185188
1998-10-09 19:39:48.900000+00:00,3.0,EGYPT,34.8299,28.7275,5.0,226.43916087962964
1998-10-07 03:46:19.200000+00:00,3.3,RED SEA,34.0233,26.7592,10.0,223.7770115740741
1998-10-03 16:25:05.500000+00:00,3.2,EGYPT,34.3724,29.7598,10.0,220.3039363425926
1998-09-27 22:28:16.600000+00:00,3.2,EGYPT,34.9122,28.8087,8.0,214.55614814814814
1998-09-27 22:25:32.600000+00:00,3.4,EGYPT,34.8077,28.861,5.0,214.55425
1998-11-06 02:02:35.900000+00:00,3.2,EGYPT,34.7514,29.2805,2.0,253.70498263888888
1998-11-03 05:33:54.500000+00:00,3.1,EGYPT,34.816,29.1764,20.0,250.85172569444447
1998-11-01 05:37:31.300000+00:00,3.5,EGYPT,34.75,28.68,17.0,248.8542349537037
1998-10-24 20:35:43+00:00,3.2,EGYPT,33.6898,27.505,2.0,241.4779814814815
1998-10-23 03:24:10+00:00,3.2,EGYPT,34.64,28.4,51.0,239.76162731481483
1998-12-17 05:41:33.100000+00:00,3.1,EGYPT,34.61,28.23,8.0,294.8570335648148
1998-12-14 23:37:56.100000+00:00,3.6,DEAD SEA REGION,35.5919,31.3045,12.0,292.60452199074075
1998-12-14 22:17:37.600000+00:00,3.3,DEAD SEA REGION,35.5066,31.3217,15.0,292.5487523148148
1998-12-14 20:48:44.900000+00:00,4.7,EGYPT,31.1176,26.4552,10.0,292.48703125
1998-12-14 19:45:17.700000+00:00,3.3,DEAD SEA REGION,35.5387,31.341,10.0,292.4429664351852
1998-12-08 23:52:03.600000+00:00,3.3,EGYPT,29.1,28.04,30.0,286.6143310185185
1998-12-03 00:18:02.200000+00:00,3.0,EGYPT,34.855,28.8117,5.2,280.6323703703704
1998-11-22 19:15:53.300000+00:00,3.4,EGYPT,34.57,28.5392,10.0,270.4225451388889
1998-11-19 12:09:32.200000+00:00,4.2,EGYPT,34.6185,29.6562,20.0,267.1264675925926
1999-01-16 09:39:14.100000+00:00,3.6,RED SEA,34.5903,27.5215,20.0,325.0220914351852
1999-01-04 22:35:39.400000+00:00,3.2,EGYPT,34.7426,28.9249,2.0,313.56127314814813
1998-12-27 06:25:10.200000+00:00,3.0,WESTERN SAUDI ARABIA,35.17,28.29,10.0,304.88732407407406
1999-02-05 12:14:03.700000+00:00,3.0,EGYPT,34.7139,28.8361,10.0,345.1296099537037
1999-02-02 23:42:46.200000+00:00,3.7,RED SEA,34.3361,27.6095,2.0,342.6078796296296
1999-02-02 18:01:28.900000+00:00,3.7,EGYPT,34.712,28.796,5.0,342.3708738425926
1999-01-20 00:06:08+00:00,3.2,EGYPT,34.6391,28.6838,2.0,328.6241041666667
1999-04-01 10:22:57.500000+00:00,3.4,EGYPT,34.6577,28.6925,5.0,400.05245486111113
1999-03-21 09:42:15.400000+00:00,3.1,EGYPT,34.59,28.35,9.0,389.0241898148148
1999-05-10 06:07:38.100000+00:00,3.7,EGYPT,33.8279,27.9674,30.0,438.8751469907408
1999-04-30 23:27:19.300000+00:00,4.6,EGYPT,31.196,26.6413,40.0,429.59715162037037
1999-04-18 12:06:20.600000+00:00,3.0,WESTERN SAUDI ARABIA,35.5,28.93,15.0,417.12425
1999-06-13 06:22:47.100000+00:00,3.0,EGYPT,34.6942,28.1,10.0,472.8856678240741
1999-06-13 04:20:12+00:00,4.5,EGYPT,34.7009,28.2764,15.0,472.80053935185185
1999-07-12 13:01:30.400000+00:00,3.3,EGYPT,32.718,28.4014,2.0,502.1625578703704
1999-07-11 10:12:23.800000+00:00,3.2,EGYPT,34.618,28.0923,8.0,501.04512037037034
1999-06-28 05:53:03+00:00,3.4,RED SEA,34.4662,27.5832,10.0,487.8650185185185
1999-06-27 10:44:53.400000+00:00,3.0,EGYPT,34.836,29.3587,10.0,487.0676851851852
1999-06-19 08:41:22.300000+00:00,3.0,DEAD SEA REGION,34.916,31.46,15.0,478.9819085648148
1999-06-18 17:16:09.800000+00:00,3.8,EGYPT,34.6767,28.2068,20.0,478.33940277777776
1999-06-18 10:57:49.700000+00:00,3.0,EGYPT,34.6586,28.1848,20.0,478.07667013888886
1999-06-18 03:02:19.400000+00:00,3.6,EGYPT,34.6343,28.0814,30.0,477.74645833333335
1999-06-18 01:23:07.400000+00:00,3.3,EGYPT,34.6972,28.1847,20.0,477.67756944444443
1999-06-17 15:49:31+00:00,3.6,EGYPT,34.7152,28.1895,2.0,477.2792314814815
1999-06-17 14:53:10+00:00,3.2,RED SEA,34.8342,27.9582,2.0,477.24009953703705
1999-06-17 14:43:32.500000+00:00,3.3,EGYPT,34.6593,28.2352,2.0,477.23341550925926
1999-06-17 14:23:04.500000+00:00,4.3,EGYPT,34.6719,28.1291,10.0,477.2192025462963
1999-06-17 14:20:26.200000+00:00,4.1,EGYPT,34.7244,28.2745,15.0,477.21737037037036
1999-06-17 14:04:52.500000+00:00,3.0,EGYPT,34.6442,28.3674,2.0,477.2065636574074
1999-08-07 20:19:44.400000+00:00,3.6,EGYPT,34.7851,28.9505,20.0,528.4668865740741
1999-07-31 14:34:50.800000+00:00,3.4,RED SEA,34.5375,27.9151,20.0,521.2273773148148
1999-07-17 01:46:48.900000+00:00,3.2,EGYPT,34.4,29.9,19.0,506.69402199074074
1999-09-04 23:20:32.900000+00:00,3.2,EGYPT,29.3678,31.6912,10.0,556.5924479166666
1999-09-03 19:22:28.700000+00:00,3.2,EGYPT,34.6975,28.6377,10.0,555.4271215277778
1999-09-03 11:39:49.700000+00:00,3.1,EGYPT,34.8054,29.1395,15.0,555.1058368055556
1999-09-02 20:31:31.600000+00:00,3.1,EGYPT,34.698,28.5664,2.0,554.4750717592593
1999-08-29 05:15:07.100000+00:00,3.9,EGYPT,33.308,28.6915,2.0,549.8386770833333
1999-08-27 23:53:49.400000+00:00,3.1,RED SEA,34.16,27.93,9.6,548.6155555555556
1999-10-11 20:39:35.500000+00:00,4.7,EGYPT,31.5236,28.7507,21.3,593.4806724537037
1999-10-05 05:51:52.700000+00:00,4.4,EGYPT,34.7139,28.9245,10.0,586.864204861111
1999-10-05 05:44:34.300000+00:00,4.6,EGYPT,34.8114,28.8696,2.0,586.859130787037
1999-10-05 05:00:46.700000+00:00,3.7,EGYPT,34.7222,28.9487,2.0,586.82871875
1999-09-26 13:02:23.900000+00:00,3.4,RED SEA,34.64,26.8,11.0,578.1631770833334
1999-11-11 15:00:00.800000+00:00,3.9,DEAD SEA REGION,35.5,31.5,0.5,624.2448541666666
1999-11-10 13:59:58.200000+00:00,3.6,DEAD SEA REGION,35.5,31.5,0.5,623.2031574074074
1999-11-08 13:00:00.300000+00:00,3.1,DEAD SEA REGION,35.4,31.5,0.5,621.1615150462962
1999-11-07 00:19:42.100000+00:00,3.0,EGYPT,34.8308,29.1365,1.3,619.6335266203704
1999-11-06 19:52:40.800000+00:00,3.0,JORDAN-SAUDI ARABIA BORDER REG,35.1224,29.4161,20.0,619.4480949074074
1999-10-30 23:37:31.800000+00:00,3.1,EGYPT,34.7658,28.7644,20.0,612.6042407407407
1999-10-28 15:39:14.900000+00:00,4.4,DEAD SEA REGION,35.0367,30.3971,10.0,610.2721006944445
1999-12-12 22:25:31.800000+00:00,3.3,EGYPT,34.6,28.4,0.0,655.5542407407407
1999-12-11 01:46:41+00:00,3.0,EGYPT,34.7893,29.2965,8.0,653.6939305555555
1999-12-09 10:56:11.800000+00:00,3.1,EGYPT,34.3024,29.9544,8.0,652.0755370370371
1999-12-08 03:35:47.500000+00:00,3.7,EGYPT,34.782,29.2809,2.0,650.7697002314815
1999-12-03 14:07:10.500000+00:00,4.2,EGYPT,34.9091,29.3578,20.0,646.2081608796296
1999-11-16 02:39:11.300000+00:00,3.2,DEAD SEA REGION,35.7655,31.1888,21.5,628.7303923611111
1999-12-28 12:05:10.200000+00:00,4.5,EGYPT,31.4362,30.1878,27.8,671.1234351851851
1999-12-24 22:58:55.100000+00:00,3.1,EGYPT,34.6508,28.7787,20.0,667.5774270833334
1999-12-24 08:35:47.600000+00:00,3.4,RED SEA,34.8237,27.9551,2.0,666.9780347222222
1999-12-21 14:39:04.100000+00:00,3.3,EGYPT,34.9085,29.2092,21.1,664.2303090277778
1999-12-21 14:36:27.100000+00:00,3.4,EGYPT,34.8021,29.1765,20.0,664.2284918981481
1999-12-19 08:45:28.200000+00:00,4.2,JORDAN-SAUDI ARABIA BORDER REG,35.2838,29.6433,26.1,661.9847546296296
1999-12-19 08:42:47.600000+00:00,3.9,EGYPT,34.9158,29.6056,24.5,661.9828958333334
2000-02-06 10:00:31.400000+00:00,3.0,DEAD SEA REGION,35.1,31.1,0.0,711.036875
2000-02-01 23:58:43.700000+00:00,4.1,EGYPT,34.75,23.71,18.0,706.6189618055555
2000-01-31 11:05:00.900000+00:00,4.3,EGYPT,34.72,25.14,8.6,705.0816608796297
2000-03-08 14:22:29.600000+00:00,4.9,EGYPT,34.7271,29.0805,2.0,742.2187986111112
2000-02-24 05:08:48.100000+00:00,3.4,EGYPT,34.3451,29.4377,2.0,728.8342905092593
2000-02-15 03:00:43+00:00,3.2,EGYPT,34.6978,29.1164,2.0,719.7453425925926
2000-02-15 02:50:35.900000+00:00,4.2,EGYPT,34.5824,29.2377,2.0,719.7383159722223
2000-04-06 06:37:34.300000+00:00,4.2,EGYPT,34.6628,28.8263,2.0,770.8959363425926
2000-03-28 01:03:18.400000+00:00,3.2,DEAD SEA REGION,35.5,31.7,17.0,761.6638078703704
2000-05-18 23:37:23.900000+00:00,4.3,EGYPT,34.87,25.62,15.0,813.6041493055556
2000-07-05 03:33:50.500000+00:00,3.2,DEAD SEA REGION,35.5966,31.4732,10.0,860.7683460648148
2000-06-29 14:44:49.600000+00:00,3.5,EGYPT,31.6501,29.5338,10.0,855.2343078703705
2000-07-22 10:16:30.800000+00:00,3.7,JORDAN-SAUDI ARABIA BORDER REG,35.0446,29.313,10.0,878.0479791666668
2000-09-08 14:15:06+00:00,3.1,DEAD SEA REGION,35.4,31.3,20.0,926.2136643518518
2000-08-14 09:16:35.700000+00:00,3.1,DEAD SEA REGION,35.1,30.8,0.0,901.0063692129629
2000-08-09 21:56:50+00:00,3.2,DEAD SEA REGION,35.6,31.3,7.0,896.5343124999999
2000-10-08 03:05:14+00:00,3.8,WESTERN SAUDI ARABIA,35.209,28.7192,2.0,955.7484791666666
2000-10-08 02:58:28.400000+00:00,4.1,EGYPT,34.7188,28.8172,2.0,955.7437847222222
2000-10-03 03:11:08.200000+00:00,4.8,DEAD SEA REGION,34.4828,30.0681,20.0,950.7525787037036
2000-09-17 10:54:35+00:00,3.8,EGYPT,34.9,29.0,10.0,935.0744166666666
2000-11-03 21:19:05.100000+00:00,4.3,EGYPT,33.032,28.8699,40.0,982.5080983796297
2000-11-01 13:35:21+00:00,3.8,EGYPT,34.7182,28.8659,2.0,980.1860601851852
2000-11-01 13:31:09.400000+00:00,3.1,EGYPT,34.7965,28.8115,2.0,980.1831481481481
2001-01-05 19:00:23+00:00,3.9,EGYPT,33.0853,27.7122,10.0,1045.4117777777776
2000-12-25 01:58:55.600000+00:00,4.6,EGYPT,34.8067,28.4306,2.0,1033.7024328703703
2001-03-07 11:13:42.300000+00:00,3.6,RED SEA,34.3782,26.8886,2.0,1106.087695601852
2001-02-07 03:39:01.300000+00:00,3.8,JORDAN-SAUDI ARABIA BORDER REG,35.2306,29.4095,8.0,1077.7719432870372
2001-04-02 11:29:01.600000+00:00,3.7,EGYPT,30.8023,31.7515,40.0,1132.0983356481481
2001-03-15 15:03:55.800000+00:00,3.6,EGYPT,34.6181,28.7459,5.0,1114.2475740740742
2001-05-02 10:01:19.300000+00:00,3.0,EGYPT,34.5868,28.3021,5.0,1162.037429398148
2001-04-26 20:59:40.300000+00:00,3.6,RED SEA,34.3924,27.6997,10.0,1156.4946168981483
2001-05-11 03:26:51.500000+00:00,3.4,EGYPT,34.564,28.35,12.0,1170.7634965277778
2001-05-10 03:19:33.600000+00:00,3.3,EGYPT,34.861,28.73,10.0,1169.7584282407408
2001-06-12 13:43:26.100000+00:00,4.1,EGYPT,31.1342,29.6772,15.0,1203.1916747685186
2001-07-25 22:59:33+00:00,3.3,DEAD SEA REGION,35.1,31.5,2.0,1246.5778657407407
2001-07-12 09:25:23.100000+00:00,3.4,EGYPT,34.8442,28.7692,5.0,1233.0124733796297
2001-08-20 17:24:34.100000+00:00,3.9,EGYPT,33.943,27.431,10.0,1272.3452395833333
2001-08-20 16:31:50.100000+00:00,3.8,RED SEA,34.096,27.371,10.0,1272.308619212963
2001-09-22 05:34:48.700000+00:00,3.1,DEAD SEA REGION,35.45,31.8893,10.0,1304.8523530092593
2001-09-20 13:18:30.100000+00:00,3.9,SUDAN,35.84,22.86,22.0,1303.1743599537037
2001-11-02 07:59:46.900000+00:00,3.2,EGYPT,33.0196,28.4091,2.0,1345.9530266203703
2001-10-08 11:25:52.300000+00:00,3.9,DEAD SEA REGION,35.2126,30.4808,20.0,1321.096144675926
2001-11-27 21:12:39.600000+00:00,3.4,EGYPT,33.9287,27.5115,2.0,1371.503636574074
2001-11-16 05:01:39+00:00,3.1,EGYPT,34.6516,28.2925,12.6,1359.829324074074
2001-11-14 19:41:16.200000+00:00,3.7,EGYPT,32.3919,30.2811,2.0,1358.4401712962963
2001-11-11 05:00:59+00:00,3.7,EGYPT,34.7068,28.747,20.0,1354.828861111111
2001-11-09 02:57:13.200000+00:00,3.7,RED SEA,35.005,26.6731,10.0,1352.7429143518518
2001-11-07 04:05:05.900000+00:00,3.9,RED SEA,34.5364,27.8064,12.0,1350.7900520833334
2001-11-06 12:19:09.800000+00:00,3.5,EGYPT,32.0119,26.0771,10.0,1350.133152777778
2001-12-31 01:27:58.600000+00:00,3.2,EGYPT,34.6606,28.267,16.0,1404.6809398148148
2001-12-30 00:27:45.600000+00:00,3.1,EGYPT,34.6465,28.2457,15.7,1403.6391226851852
2001-12-29 12:24:17.800000+00:00,4.0,EGYPT,34.6387,28.2538,15.4,1403.1367175925927
2001-12-20 16:05:57.800000+00:00,3.1,DEAD SEA REGION,35.5619,31.725,20.0,1394.290652777778
2001-12-17 04:25:33.200000+00:00,4.4,EGYPT,30.9081,29.6289,10.0,1390.8042569444444
2001-12-11 12:38:10.200000+00:00,3.2,DEAD SEA REGION,35.8835,31.4838,8.9,1385.1463518518517
2002-01-13 02:27:57.400000+00:00,3.0,RED SEA,34.7982,26.7787,0.0,1417.7225925925925
2002-01-07 06:30:29.100000+00:00,3.1,EGYPT,34.8116,28.7798,5.0,1411.8910150462964
2002-02-25 07:26:45.500000+00:00,3.2,RED SEA,34.7052,27.8655,15.0,1460.93009375
2002-02-18 16:27:21+00:00,3.9,RED SEA,34.4134,27.7208,5.0,1454.3055046296295
2002-02-13 18:51:59.200000+00:00,3.7,EGYPT,33.2903,27.354,2.0,1449.4059467592592
2002-02-13 05:43:23.400000+00:00,3.4,RED SEA,34.9926,26.8388,2.0,1448.8583101851852
2002-03-14 04:49:00.200000+00:00,3.2,EGYPT,34.7499,28.3499,15.0,1477.8205416666667
2002-03-11 01:26:07.800000+00:00,3.7,EGYPT,34.7445,28.8704,20.0,1474.6796574074074
2002-04-09 20:25:22.100000+00:00,3.9,EGYPT,33.9583,27.7776,10.0,1504.470795138889
2002-06-30 02:36:02.500000+00:00,3.7,EGYPT,30.2141,28.766,10.0,1585.728207175926
2002-06-24 20:19:20.700000+00:00,3.5,DEAD SEA REGION,35.8146,31.8313,10.0,1580.4666122685187
2002-06-03 21:29:05.200000+00:00,3.2,RED SEA,34.9616,26.9445,2.0,1559.5150439814815
2002-07-10 12:34:05.600000+00:00,3.4,EGYPT,28.43,24.68,20.0,1596.1435208333332
2002-08-24 20:01:19.800000+00:00,4.3,EGYPT,31.418,30.1697,12.0,1641.4541018518519
2002-10-26 18:51:56.800000+00:00,3.5,RED SEA,35.01,26.4,15.0,1704.4059189814816
2002-10-18 01:28:20.900000+00:00,3.5,EGYPT,35.26,24.59,29.0,1695.6811979166666
2003-01-22 12:49:46.500000+00:00,3.0,JORDAN-SAUDI ARABIA BORDER REG,35.9,29.1,12.0,1792.1544108796295
2003-01-15 11:31:25.400000+00:00,3.2,EGYPT,32.219,28.4776,10.0,1785.1
2003-01-12 12:20:52.400000+00:00,3.0,JORDAN,36.0,30.7,22.0,1782.1343402777777
2003-02-11 16:01:41.800000+00:00,3.0,JORDAN-SAUDI ARABIA BORDER REG,35.143,29.3872,2.0,1812.287689814815
2003-01-28 12:04:51.600000+00:00,3.0,WESTERN SAUDI ARABIA,35.8,28.1,35.0,1798.1232199074072
2004-01-21 01:45:12+00:00,3.2,EGYPT,31.63,28.81,13.4,2155.692900462963
2004-01-16 15:35:45.600000+00:00,3.2,RED SEA,34.6865,27.2588,20.0,2151.2696782407406
2004-01-10 23:20:53.100000+00:00,3.1,EGYPT,32.85,29.19,13.9,2145.592681712963
2004-01-10 22:33:56.400000+00:00,3.1,RED SEA,34.7387,27.27,10.0,2145.5600810185183
2004-01-08 23:13:03.900000+00:00,3.3,RED SEA,34.65,26.02,4.1,2143.5872511574075
2004-01-08 23:10:42.700000+00:00,3.6,RED SEA,34.59,26.02,11.6,2143.585616898148
2004-01-04 06:36:41.100000+00:00,3.1,EGYPT,31.96,28.87,13.4,2138.895320601852
2004-01-03 00:50:54.800000+00:00,3.1,EGYPT,32.55,24.6,3.5,2137.655201388889
2003-12-31 20:44:41.100000+00:00,3.8,DEAD SEA REGION,35.5178,31.5023,19.8,2135.484209490741
2004-02-20 17:16:38.400000+00:00,3.2,RED SEA,35.062,26.8167,2.0,2186.3397337962965
2004-02-17 01:51:52.400000+00:00,3.5,EGYPT,32.87,23.76,9.1,2182.6975347222224
2004-02-16 10:29:30.200000+00:00,3.3,EGYPT,34.57,25.28,14.0,2182.0570000000002
2004-02-15 22:06:56.100000+00:00,3.0,EGYPT,34.48,25.27,4.0,2181.541327546296
2004-02-14 01:17:37.300000+00:00,3.0,EGYPT,34.39,23.42,15.0,2179.673748842593
2004-02-13 07:02:34.600000+00:00,3.6,DEAD SEA REGION,35.6769,31.6879,12.0,2178.913300925926
2004-02-11 08:15:04+00:00,5.2,DEAD SEA REGION,35.5437,31.6875,28.6,2176.9636412037034
2004-02-07 18:20:48.800000+00:00,3.1,EGYPT,34.53,25.28,5.4,2173.3842986111113
2004-02-04 23:49:40.400000+00:00,3.0,EGYPT,34.29,25.33,4.0,2170.612673611111
2004-02-03 09:04:16.600000+00:00,3.6,EGYPT,34.46,25.27,7.3,2168.997814814815
2004-02-03 08:28:46+00:00,3.8,EGYPT,34.48,25.28,9.7,2168.9731550925926
2004-01-31 21:26:40.200000+00:00,3.2,EGYPT,34.68,25.27,12.0,2166.513365740741
2004-01-31 18:14:21.400000+00:00,3.1,RED SEA,35.1357,26.7535,40.0,2166.379814814815
2004-01-29 15:03:46.800000+00:00,3.0,EGYPT,29.31,25.65,19.4,2164.2474699074073
2004-01-28 21:46:20.600000+00:00,3.0,RED SEA,35.17,26.3,8.1,2163.5270277777777
2004-03-15 23:49:56.200000+00:00,4.0,DEAD SEA REGION,35.591,31.3495,19.8,2210.6128564814817
2004-03-11 08:44:19.400000+00:00,3.3,EGYPT,31.24,29.87,20.1,2205.9839583333332
2004-03-06 03:15:47.300000+00:00,3.7,EGYPT,35.21,23.77,4.0,2200.755809027778
2004-03-04 11:16:20.500000+00:00,3.0,EGYPT,34.152,28.2339,20.0,2199.08952662037
2004-02-24 10:34:01.300000+00:00,3.0,EGYPT,34.46,23.42,15.0,2190.0601377314815
2004-02-24 02:11:32+00:00,3.1,DEAD SEA REGION,35.4856,31.7064,20.0,2189.7111875
2004-02-23 17:42:04.700000+00:00,3.6,RED SEA,34.3312,27.7046,2.0,2189.3573993055556
2004-02-22 21:18:51.900000+00:00,3.3,RED SEA,34.7065,26.689,40.0,2188.507945601852
2004-02-22 10:39:54.100000+00:00,3.4,EGYPT,34.48,25.26,7.3,2188.064221064815
2004-02-22 04:50:36.600000+00:00,3.0,EGYPT,31.15,28.32,15.0,2187.821657407407
2004-04-19 14:02:45.600000+00:00,3.0,EGYPT,30.33,23.68,10.0,2245.2050949074073
2004-04-19 03:02:18.100000+00:00,3.0,EGYPT,35.25,23.79,4.4,2244.746443287037
2004-04-13 16:33:43.700000+00:00,3.3,EGYPT,35.21,23.77,4.0,2239.309934027778
2004-04-10 07:59:37.100000+00:00,3.1,EGYPT,35.51,23.86,4.0,2235.952913194444
2004-04-09 11:05:31.800000+00:00,3.0,EGYPT,35.28,23.8,6.0,2235.0820185185185
2004-04-03 09:45:44.100000+00:00,3.1,EGYPT,32.3187,29.8192,10.0,2229.026605324074
2004-04-01 03:10:30.500000+00:00,3.0,EGYPT,35.23,23.76,5.4,2226.752142361111
2004-04-01 02:07:26+00:00,3.1,EGYPT,35.23,23.77,4.9,2226.7083402777776
2004-04-01 02:00:48.100000+00:00,3.1,EGYPT,35.11,23.84,4.0,2226.7037349537036
2004-04-01 01:46:00+00:00,4.2,EGYPT,35.208,23.7664,10.0,2226.6934560185186
2004-03-25 02:48:35.800000+00:00,3.7,EGYPT,31.74,30.54,24.7,2219.736925925926
2004-03-22 14:48:05+00:00,3.5,EGYPT,35.13,23.85,7.0,2217.2365694444443
2004-05-20 09:33:38.500000+00:00,3.1,EGYPT,34.7678,28.82,2.0,2276.018207175926
2004-05-17 22:32:49.700000+00:00,3.3,EGYPT,35.23,23.78,5.0,2273.559309027778
2004-05-17 02:16:16.300000+00:00,3.0,EGYPT,34.867,29.158,14.0,2272.7144780092594
2004-05-13 22:23:09.200000+00:00,3.2,EGYPT,33.76,26.11,11.6,2269.552590277778
2004-05-12 20:26:10.700000+00:00,3.1,EGYPT,35.22,23.78,4.4,2268.471357638889
2004-05-09 14:23:46+00:00,3.3,EGYPT,35.18,23.75,6.2,2265.2196828703704
2004-05-01 22:39:05.400000+00:00,3.2,EGYPT,34.4654,28.4477,2.0,2257.5636574074074
2004-05-01 17:14:01.700000+00:00,3.3,EGYPT,34.4695,28.4336,2.0,2257.337920138889
2004-04-27 11:20:41.800000+00:00,3.2,RED SEA,34.5356,27.4067,20.0,2253.092550925926
2004-04-23 07:01:59.400000+00:00,3.4,RED SEA,34.1066,27.8663,20.0,2248.9128935185186
2004-04-21 23:12:22.100000+00:00,3.0,RED SEA,34.8829,26.811,20.0,2247.586767361111
2004-04-21 08:39:10.400000+00:00,4.0,EGYPT,33.8218,26.7892,10.0,2246.9803819444446
2004-06-19 13:41:47.800000+00:00,3.0,EGYPT,30.98,27.21,5.9,2306.1905370370373
2004-06-16 15:24:56.700000+00:00,3.5,RED SEA,34.473,27.9571,2.0,2303.2621678240744
2004-06-16 02:23:17.800000+00:00,3.4,WESTERN SAUDI ARABIA,35.8733,27.0294,10.0,2302.7193564814816
2004-06-05 18:39:34.600000+00:00,3.2,RED SEA,34.43,26.68,12.7,2292.3973287037034
2004-06-05 17:50:12.200000+00:00,3.3,RED SEA,34.4207,27.914,5.0,2292.363041666667
2004-06-03 09:32:35.100000+00:00,4.2,RED SEA,34.3977,26.9064,10.0,2290.0174733796293
2004-06-01 00:03:21.100000+00:00,3.0,EGYPT,33.93,24.61,2.8,2287.6221724537036
2004-05-31 12:35:06.200000+00:00,3.0,DEAD SEA REGION,35.592,31.715,23.7,2287.144222222222
2004-07-17 00:58:33.400000+00:00,3.0,EGYPT,35.62,24.25,14.9,2333.6605092592595
2004-07-09 12:16:27.600000+00:00,3.6,DEAD SEA REGION,35.5409,31.7047,17.1,2326.131275462963
2004-07-07 14:35:09.400000+00:00,4.6,DEAD SEA REGION,35.4919,31.9438,22.5,2324.2275925925924
2004-07-06 12:13:51.100000+00:00,3.3,EGYPT,32.5396,29.4863,30.0,2323.1294641203704
2004-06-27 03:48:37.800000+00:00,3.1,EGYPT,34.19,24.44,31.0,2313.778615740741
2004-06-25 23:40:48.700000+00:00,3.0,EGYPT,35.21,23.72,4.1,2312.606519675926
2004-08-17 05:24:55.200000+00:00,3.2,EGYPT,33.38,22.51,16.0,2364.8454837962963
2004-08-12 13:43:30.400000+00:00,3.3,EGYPT,34.71,25.38,7.4,2360.191724537037
2004-08-05 19:09:02.400000+00:00,3.4,RED SEA,34.6811,26.772,10.0,2353.4177893518518
2004-08-05 17:39:24.200000+00:00,3.7,RED SEA,34.3234,27.6236,10.0,2353.355541666667
2004-08-03 04:27:09.900000+00:00,3.7,EGYPT,32.62,23.64,4.0,2350.8053761574074
2004-08-01 12:23:46.100000+00:00,3.4,EGYPT,33.91,27.48,13.7,2349.1363506944444
2004-07-30 07:45:14.600000+00:00,3.1,RED SEA,35.23,25.45,4.0,2346.9429305555554
2004-09-17 19:19:56.800000+00:00,3.0,RED SEA,34.5277,27.5003,7.9,2396.425363425926
2004-09-14 19:39:28.100000+00:00,3.0,EGYPT,34.7327,28.9103,20.0,2393.4389201388885
2004-09-12 03:19:23.600000+00:00,3.1,RED SEA,35.0239,26.7536,30.0,2390.7583124999996
2004-09-08 06:11:21.900000+00:00,3.2,EGYPT,31.14,27.52,12.0,2386.8777372685186
2004-09-05 15:09:24.300000+00:00,4.5,DEAD SEA REGION,34.4,31.3,0.0,2384.2513761574073
2004-08-24 14:12:55.500000+00:00,3.1,EGYPT,34.74,25.35,4.0,2372.212153935185
2004-08-19 13:43:57.200000+00:00,4.1,EGYPT,28.71,28.73,10.1,2367.192034722222
2004-10-16 17:47:21.600000+00:00,3.5,RED SEA,34.9128,26.7478,20.0,2425.3610671296296
2004-10-13 13:53:47+00:00,3.0,EGYPT,32.29,26.48,4.8,2422.198861111111
2004-10-05 06:12:59.300000+00:00,3.1,EGYPT,33.51,27.58,2.5,2413.8788645833333
2004-10-05 05:58:04.600000+00:00,3.3,EGYPT,32.63,23.64,3.9,2413.868509259259
2004-09-28 19:17:50.700000+00:00,3.1,EGYPT,32.61,23.65,7.0,2407.4239039351855
2004-09-27 13:30:53.600000+00:00,3.7,EGYPT,31.94,23.5,15.5,2406.182965277778
2004-09-25 01:05:17.700000+00:00,3.0,EGYPT,32.64,23.67,5.2,2403.6651886574077
2004-09-22 12:00:23.400000+00:00,3.4,EGYPT,34.5957,28.4738,12.0,2401.120115740741
2004-11-06 14:16:20.900000+00:00,3.5,EGYPT,34.51,25.3,13.3,2446.21453125
2004-10-28 07:10:31.400000+00:00,3.6,EGYPT,34.4712,29.9296,20.0,2436.9188194444446
2004-10-27 18:18:57.400000+00:00,3.1,EGYPT,32.63,23.66,7.8,2436.3830092592593
2004-10-25 08:34:14.900000+00:00,3.1,EGYPT,32.65,29.44,16.8,2433.9769618055557
2004-12-13 19:27:37.200000+00:00,3.0,EGYPT,27.01,26.39,9.3,2483.4306921296297
2004-12-06 08:27:40.700000+00:00,3.1,RED SEA,34.7853,26.8591,40.0,2475.972399305556
2004-11-29 17:45:31.400000+00:00,3.2,EGYPT,31.95,29.64,9.3,2469.3597916666668
2004-11-28 21:50:04.300000+00:00,3.2,EGYPT,31.6709,30.3898,20.0,2468.529616898148
2004-11-26 18:07:50.900000+00:00,3.6,EGYPT,34.7361,28.8629,20.0,2466.3752951388888
2004-11-26 15:57:45.600000+00:00,3.3,RED SEA,34.8125,26.8405,2.0,2466.284956018518
2004-11-21 05:53:05.100000+00:00,3.1,RED SEA,34.8371,26.8235,2.0,2460.865042824074
2005-01-04 15:06:02.800000+00:00,3.1,DEAD SEA REGION,35.524,31.056,3.5,2505.2490439814815
2004-12-25 11:40:17.700000+00:00,3.3,RED SEA,35.6028,26.0864,2.0,2495.10616087963
2004-12-19 16:50:11.900000+00:00,3.0,RED SEA,35.5691,26.0842,10.0,2489.321371527778
2004-12-19 16:28:39.600000+00:00,3.2,RED SEA,35.5778,26.0678,40.0,2489.306414351852
2004-12-19 08:23:37.300000+00:00,3.2,RED SEA,35.6087,26.1094,2.0,2488.969582175926
2004-12-19 07:57:52.100000+00:00,3.2,RED SEA,35.5968,26.103,2.0,2488.9516979166665
2004-12-19 07:50:43.300000+00:00,3.4,RED SEA,35.5979,26.0578,10.0,2488.946734953704
2005-02-12 10:41:23.700000+00:00,3.1,RED SEA,34.7364,26.8683,20.0,2544.065258101852
2005-02-12 08:03:44.500000+00:00,3.6,WESTERN SAUDI ARABIA,35.2658,28.8067,2.0,2543.95577662037
2005-02-07 10:27:36.600000+00:00,3.8,DEAD SEA REGION,35.502,31.153,3.9,2539.055685185185
2005-02-07 10:26:59.500000+00:00,3.7,DEAD SEA REGION,35.4694,31.1506,12.0,2539.055255787037
2005-02-05 13:45:40.300000+00:00,3.2,EGYPT,30.94,27.29,5.2,2537.193228009259
2005-01-27 08:20:54.700000+00:00,3.7,RED SEA,34.3273,27.5989,2.0,2527.9677002314816
2005-01-22 15:54:57.300000+00:00,3.0,EGYPT,35.8689,24.6216,15.0,2523.283008101852
2005-01-22 11:02:23.800000+00:00,3.4,DEAD SEA REGION,35.4807,31.3867,30.0,2523.0798425925927
2005-01-20 13:41:51+00:00,3.2,EGYPT,34.6409,28.5901,23.8,2521.190574074074
2005-02-26 22:57:25+00:00,3.8,WESTERN SAUDI ARABIA,35.2369,28.8187,0.0,2558.576384259259
2005-02-24 08:46:04.200000+00:00,3.4,EGYPT,32.55,24.95,21.8,2555.9851712962964
2005-04-15 16:32:41+00:00,3.2,RED SEA,34.4519,27.7913,20.0,2606.309208333333
2005-04-13 00:00:45.500000+00:00,3.3,RED SEA,34.3334,27.4765,5.0,2603.620371527778
2005-04-11 09:30:43.500000+00:00,3.2,EGYPT,34.58,23.41,11.5,2602.016181712963
2005-04-10 19:56:45.900000+00:00,3.1,EGYPT,32.98,24.55,12.5,2601.4509317129628
2005-04-08 14:14:31.200000+00:00,3.1,EGYPT,29.4,24.87,4.7,2599.2132615740743
2005-03-19 22:59:49.700000+00:00,3.2,DEAD SEA REGION,35.3996,31.2139,8.0,2579.5780590277777
2005-05-15 17:28:40.200000+00:00,3.4,EGYPT,35.3,23.8,4.5,2636.3480879629633
2005-05-11 23:09:27.200000+00:00,3.0,EGYPT,33.4847,27.5816,20.0,2632.584743055556
2005-05-04 19:47:11.100000+00:00,3.6,RED SEA,34.1228,27.2634,15.0,2625.444278935185
2005-04-24 06:19:28.600000+00:00,3.2,EGYPT,34.17,24.49,29.6,2614.8833703703704
2005-04-23 14:24:33.300000+00:00,3.0,EGYPT,31.18,26.74,7.0,2614.2202303240742
2005-04-16 19:55:12.400000+00:00,4.5,EGYPT,31.9422,29.6405,2.0,2607.449849537037
2005-06-06 08:51:42.700000+00:00,3.1,DEAD SEA REGION,35.4554,31.2941,10.0,2657.9890891203704
2005-06-03 04:07:41+00:00,3.0,RED SEA,35.1154,26.5914,30.0,2654.7918472222223
2005-06-01 21:31:24.300000+00:00,3.1,DEAD SEA REGION,35.0225,30.2731,10.0,2653.5166539351853
2005-06-01 03:27:28.500000+00:00,3.6,DEAD SEA REGION,35.391,31.2735,12.0,2652.7639247685183
2005-05-24 10:38:53.100000+00:00,3.0,EGYPT,33.02,25.25,4.0,2645.0635150462963
2005-05-17 14:18:17.200000+00:00,3.0,EGYPT,34.49,25.28,10.5,2638.215877314815
2005-05-15 22:09:41.400000+00:00,3.1,EGYPT,31.42,30.08,14.8,2636.5432407407407
2005-07-07 14:45:55.600000+00:00,3.5,EGYPT,34.6903,29.0069,20.0,2689.235071759259
2005-07-07 06:20:26.600000+00:00,3.6,EGYPT,31.8481,29.9118,25.5,2688.8840416666667
2005-07-06 16:08:44.900000+00:00,3.0,EGYPT,33.03,25.3,6.1,2688.2925868055554
2005-08-02 11:25:56.600000+00:00,3.0,EGYPT,33.07,25.31,4.0,2715.0961944444443
2005-07-31 16:16:36.500000+00:00,4.3,EGYPT,31.1139,29.6956,23.1,2713.298045138889
2005-07-28 01:39:34.500000+00:00,3.0,EGYPT,34.819,29.179,0.0,2709.688994212963
2005-07-23 14:56:18.600000+00:00,3.6,EGYPT,34.5009,28.0035,20.0,2705.2422824074074
2005-07-18 11:26:34.800000+00:00,3.1,DEAD SEA REGION,35.626,31.726,17.6,2700.096636574074
2005-07-18 09:52:51.800000+00:00,3.2,DEAD SEA REGION,35.3622,31.2282,10.0,2700.0315555555558
2005-07-18 09:51:30.300000+00:00,3.7,DEAD SEA REGION,35.511,31.232,9.1,2700.030612268519
2005-07-17 18:57:22.200000+00:00,3.2,EGYPT,33.9579,27.3619,24.7,2699.4096851851855
2005-09-11 16:50:37.800000+00:00,3.1,EGYPT,34.881,29.166,1.7,2755.3216712962962
2005-09-11 07:19:45.500000+00:00,3.1,EGYPT,34.877,29.167,1.9,2754.9252326388887
2005-09-08 09:51:44.600000+00:00,3.0,DEAD SEA REGION,35.2698,30.2778,19.5,2752.0307777777775
2005-09-08 09:49:42.800000+00:00,3.2,DEAD SEA REGION,35.267,30.269,17.1,2752.0293680555556
2005-08-29 17:01:41.800000+00:00,3.0,EGYPT,34.97,29.378,9.2,2742.3293564814817
2005-08-28 06:18:37.600000+00:00,3.2,EGYPT,29.27,25.9,12.0,2740.8827800925924
2005-08-13 23:38:11+00:00,3.0,EGYPT,33.5261,27.559,10.0,2726.6046944444442
2005-10-08 14:22:10.600000+00:00,3.0,EGYPT,31.03,27.14,1.9,2782.2185787037038
2005-10-08 11:59:42.500000+00:00,3.4,RED SEA,34.9126,26.742,10.0,2782.119642361111
2005-10-08 01:58:27.800000+00:00,3.2,RED SEA,34.774,26.774,40.0,2781.702111111111
2005-10-03 13:15:23+00:00,3.2,EGYPT,33.24,25.38,4.0,2777.1721944444444
2005-10-02 22:50:00.500000+00:00,3.0,EGYPT,29.61,25.65,22.0,2776.5712395833334
2005-11-11 15:34:07.700000+00:00,3.8,RED SEA,34.5176,27.292,5.9,2816.268545138889
2005-10-30 07:28:45.700000+00:00,3.3,RED SEA,34.4367,27.2986,20.0,2803.931484953704
2005-10-28 17:01:36.500000+00:00,3.8,EGYPT,33.6097,27.6779,27.5,2802.329295138889
2005-10-25 22:16:50.300000+00:00,3.0,RED SEA,34.6856,26.7907,40.0,2799.548204861111
2005-10-18 16:29:29.400000+00:00,3.5,EGYPT,34.6514,28.7657,15.0,2792.3069907407407
2005-12-08 01:28:11.400000+00:00,3.7,EGYPT,33.3164,27.7184,15.0,2842.681087962963
2005-11-29 08:47:37.200000+00:00,3.1,DEAD SEA REGION,35.286,31.3127,2.0,2833.9862476851854
2005-11-23 00:48:57+00:00,3.0,RED SEA,34.3304,27.6113,12.0,2827.653837962963
2005-11-14 09:05:21+00:00,3.0,DEAD SEA REGION,35.1738,31.2384,2.0,2818.998560185185
2005-11-13 09:33:48+00:00,3.3,DEAD SEA REGION,35.182,31.239,2.0,2818.0183171296294
2005-12-31 13:58:52.600000+00:00,4.2,EGYPT,32.9308,28.7225,30.0,2866.202398148148
2005-12-30 10:21:25.600000+00:00,3.3,EGYPT,34.51,25.29,13.4,2865.0513912037036
2005-12-29 11:33:53.100000+00:00,3.4,EGYPT,34.7169,29.148,2.0,2864.1017094907406
2005-12-29 11:33:19+00:00,3.8,EGYPT,34.705,29.187,1.4,2864.101314814815
2005-12-19 04:23:25+00:00,3.3,EGYPT,34.993,29.1172,16.5,2853.802773148148
2005-12-19 01:02:41.900000+00:00,3.0,DEAD SEA REGION,35.582,31.081,2.7,2853.6633854166666
2005-12-18 09:34:15.900000+00:00,3.1,DEAD SEA REGION,35.1,31.1,0.0,2853.0186400462962
2005-12-16 02:02:37.700000+00:00,3.3,RED SEA,35.4884,25.9516,10.0,2850.7050034722224
2005-12-15 08:02:54.700000+00:00,3.2,EGYPT,35.14,23.76,7.2,2849.9552002314817
2006-02-02 09:49:53+00:00,4.5,EGYPT,34.4152,28.1051,2.0,2899.029486111111
2006-01-30 03:33:20.100000+00:00,3.2,RED SEA,34.8887,27.3413,10.0,2895.767994212963
2006-05-10 05:07:26.600000+00:00,3.9,DEAD SEA REGION,34.5839,30.3657,10.0,2995.833347222222
2006-07-30 01:54:56+00:00,4.7,RED SEA,35.5925,26.2885,10.0,3076.6996597222223
2006-08-15 20:41:01.600000+00:00,3.3,EGYPT,27.44,31.56,33.0,3093.4816689814816
2006-09-09 04:58:09.100000+00:00,4.4,DEAD SEA REGION,35.4968,31.9974,2.0,3117.826894675926
2006-11-01 11:46:12.700000+00:00,3.7,EGYPT,29.31,25.34,21.1,3171.1102696759262
2006-10-22 07:00:37.100000+00:00,3.2,DEAD SEA REGION,35.497,31.085,4.3,3160.911940972222
2006-11-12 21:09:37.800000+00:00,3.7,EGYPT,35.25,23.78,4.0,3182.501532407407
2006-11-08 04:32:09.600000+00:00,4.4,EGYPT,31.5881,28.561,2.0,3177.808844907407
2007-01-04 14:04:27.700000+00:00,3.1,EGYPT,32.9894,28.2387,2.0,3235.2062766203703
2006-12-13 09:05:27.100000+00:00,3.2,DEAD SEA REGION,35.586,31.199,6.7,3212.9986307870367
2007-01-30 10:04:57.200000+00:00,3.4,JORDAN-SAUDI ARABIA BORDER REG,35.7369,29.4431,19.3,3261.039951388889
2007-03-01 08:01:49.300000+00:00,3.0,EGYPT,34.8597,29.0302,2.0,3290.9544432870366
2007-02-23 16:03:28.200000+00:00,3.6,RED SEA,34.6871,27.7367,20.0,3285.2889212962964
2007-02-11 23:09:58.200000+00:00,3.3,DEAD SEA REGION,35.504,31.126,12.3,3273.585101851852
2007-02-10 02:52:46.600000+00:00,3.4,DEAD SEA REGION,35.5206,31.0811,10.0,3271.7398287037036
2007-02-09 22:14:09+00:00,4.7,DEAD SEA REGION,35.5402,31.0651,20.0,3271.546337962963
2007-02-09 22:12:09.700000+00:00,3.9,DEAD SEA REGION,35.5128,31.0717,20.0,3271.544957175926
2007-02-07 14:12:18.100000+00:00,3.0,EGYPT,34.7496,28.7293,2.0,3269.211721064815
2007-03-23 14:01:51.800000+00:00,3.6,RED SEA,34.8602,26.7012,40.0,3313.2044722222217
2007-03-19 19:59:28.500000+00:00,3.5,EGYPT,34.7375,28.7748,5.0,3309.4528136574077
2007-03-11 02:33:19.300000+00:00,3.2,RED SEA,35.191,26.927,28.5,3300.726318287037
2007-05-04 19:23:52.800000+00:00,3.3,EGYPT,34.766,28.5573,10.0,3355.4280949074073
2007-04-13 23:31:27.600000+00:00,3.9,RED SEA,34.5092,27.7425,2.0,3334.600025462963
2007-04-13 23:26:03.900000+00:00,3.0,RED SEA,34.4413,27.6725,5.0,3334.596278935185
2007-04-13 22:02:13+00:00,3.9,RED SEA,34.6515,27.7174,2.0,3334.538050925926
2007-04-12 02:18:53.200000+00:00,3.3,DEAD SEA REGION,35.785,30.257,0.1,3332.7162939814816
2007-04-08 03:45:56.300000+00:00,3.2,RED SEA,35.3351,26.8528,10.0,3328.7767465277775
2007-04-07 17:42:14.600000+00:00,3.7,EGYPT,30.3868,30.2372,2.0,3328.3575138888887
2007-05-20 22:01:44.800000+00:00,4.0,EGYPT,33.718,27.1949,2.0,3371.537724537037
2007-05-20 08:37:40+00:00,3.2,EGYPT,34.7601,28.3866,2.0,3370.979335648148
2007-05-17 04:28:44.600000+00:00,3.6,RED SEA,35.1965,26.7214,40.0,3367.806472222222
2007-05-09 18:45:19.100000+00:00,4.6,RED SEA,35.0321,26.8053,2.0,3360.401315972222
2007-06-28 02:32:59.800000+00:00,3.1,JORDAN-SAUDI ARABIA BORDER REG,35.0445,29.662,15.9,3409.7260925925925
2007-06-25 07:18:09.700000+00:00,3.2,EGYPT,34.7918,28.6888,2.0,3406.9241238425925
2007-06-25 07:04:25.100000+00:00,3.1,EGYPT,34.799,28.711,9.7,3406.914579861111
2007-06-11 08:13:29.300000+00:00,3.1,RED SEA,35.062,26.651,28.6,3392.962545138889
2007-06-07 17:52:06.400000+00:00,3.6,EGYPT,34.8251,28.8166,2.0,3389.364363425926
2007-06-06 17:38:01.400000+00:00,3.3,RED SEA,34.506,27.493,0.0,3388.3545833333333
2007-06-04 23:41:38.500000+00:00,3.0,EGYPT,34.6803,28.4857,2.0,3386.607096064815
2007-06-04 22:53:49.200000+00:00,3.5,EGYPT,34.8033,28.367,5.0,3386.573886574074
2007-07-29 10:30:05.800000+00:00,3.0,RED SEA,34.356,27.513,22.1,3441.0574120370366
2007-07-27 12:47:39+00:00,3.4,EGYPT,31.4635,31.6804,10.0,3439.1529351851855
2007-08-22 09:39:47.300000+00:00,3.2,DEAD SEA REGION,35.1491,31.0673,2.0,3465.022475694444
2007-08-19 04:34:05.300000+00:00,3.3,RED SEA,34.238,27.826,9.5,3461.8101840277777
2007-08-18 00:47:22+00:00,3.3,EGYPT,34.8009,28.5134,2.0,3460.652738425926
2007-09-30 20:13:39.800000+00:00,3.4,EGYPT,33.2696,28.2283,10.0,3504.4626666666663
2007-09-30 19:59:09.200000+00:00,3.6,EGYPT,32.9907,28.5457,10.0,3504.4525902777777
2007-09-29 08:52:00.500000+00:00,3.7,JORDAN-SAUDI ARABIA BORDER REG,35.356,29.446,21.9,3502.9892951388892
2007-09-26 00:26:38+00:00,3.4,EGYPT,33.913,28.1504,15.0,3499.638340277778
2007-09-14 22:00:45.900000+00:00,3.0,RED SEA,34.673,27.3401,20.0,3488.537042824074
2007-09-13 02:35:36.600000+00:00,3.1,EGYPT,31.6809,31.8168,30.0,3486.727907407407
2007-09-10 12:19:21.100000+00:00,3.3,DEAD SEA REGION,35.686,30.318,27.0,3484.1332835648145
2007-09-09 16:44:32.800000+00:00,3.4,RED SEA,34.316,27.497,27.3,3483.317446759259
2007-09-08 11:43:53.300000+00:00,3.8,DEAD SEA REGION,35.3413,31.083,2.0,3482.1086562499995
2007-09-05 08:17:58.700000+00:00,3.0,DEAD SEA REGION,35.0,30.8,0.0,3478.9656631944445
2007-09-04 06:32:49.400000+00:00,3.0,RED SEA,34.983,26.637,21.0,3477.892638888889
2007-09-03 18:33:29.100000+00:00,3.4,EGYPT,26.39,31.58,33.0,3477.3930983796295
2007-10-30 14:43:01+00:00,4.3,EGYPT,30.8896,29.9578,10.0,3534.2330509259264
2007-11-27 22:00:43.700000+00:00,3.6,EGYPT,34.9257,29.0896,10.0,3562.5370173611113
2007-11-27 17:32:26.400000+00:00,3.0,RED SEA,34.3078,27.4815,19.9,3562.3507060185184
2007-11-23 22:19:54.200000+00:00,3.5,DEAD SEA REGION,34.9416,31.8381,10.0,3558.5503333333336
2007-11-20 23:21:02.300000+00:00,3.4,DEAD SEA REGION,35.576,31.6722,10.0,3555.592788194444
2007-11-20 09:18:45.600000+00:00,4.7,DEAD SEA REGION,35.5853,31.6578,7.5,3555.0078726851852
2007-11-18 13:20:08.800000+00:00,3.7,DEAD SEA REGION,35.1347,31.5786,10.0,3553.1755023148144
2007-11-15 00:15:41.600000+00:00,3.3,EGYPT,34.7472,28.4506,1.8,3549.6307430555553
2007-11-14 11:12:53.400000+00:00,3.0,JORDAN-SAUDI ARABIA BORDER REG,35.9099,29.5801,10.0,3549.0871296296295
2007-11-08 11:03:07.600000+00:00,3.0,DEAD SEA REGION,35.391,31.155,9.0,3543.080349537037
2007-12-15 21:32:50.200000+00:00,3.6,JORDAN-SAUDI ARABIA BORDER REG,35.047,29.724,0.5,3580.5176481481485
2007-12-11 08:38:06.600000+00:00,3.0,EGYPT,34.802,28.6422,10.0,3575.9796435185185
2007-12-10 06:27:13.600000+00:00,4.0,EGYPT,34.706,28.2413,18.1,3574.8887523148146
2007-12-07 15:27:55.700000+00:00,4.1,EGYPT,33.3616,28.7501,10.0,3572.2642395833336
2007-12-02 07:38:13.800000+00:00,3.8,DEAD SEA REGION,35.5879,31.6334,7.3,3566.938060185185
2008-02-28 18:01:08.200000+00:00,3.3,WESTERN SAUDI ARABIA,35.4894,27.0188,10.0,3655.3706342592595
2008-02-26 08:34:27.500000+00:00,3.1,EGYPT,32.5807,29.0717,10.0,3652.9771076388893
2008-02-04 17:18:58.200000+00:00,4.0,DEAD SEA REGION,35.9345,30.695,4.0,3631.341351851852
2008-02-03 17:06:46.700000+00:00,3.1,EGYPT,34.7472,28.8128,10.0,3630.3328854166666
2008-03-28 09:52:36+00:00,3.3,DEAD SEA REGION,35.2005,31.0972,2.0,3684.0313726851855
2008-03-24 22:35:56.500000+00:00,3.5,WESTERN SAUDI ARABIA,35.31,27.248,10.6,3680.561471064815
2008-03-23 23:54:33.900000+00:00,3.1,WESTERN SAUDI ARABIA,35.0874,27.0928,2.0,3679.616070601852
2008-03-20 09:06:33.600000+00:00,3.5,RED SEA,34.215,27.634,19.4,3675.999400462963
2008-03-17 23:32:53.500000+00:00,4.1,EGYPT,30.3598,29.6876,2.0,3673.601019675926
2008-03-17 10:40:32.200000+00:00,3.0,DEAD SEA REGION,35.1329,31.1535,5.0,3673.064662037037
2008-04-18 05:17:09.800000+00:00,3.1,RED SEA,35.0474,26.8451,20.0,3704.840097222222
2008-04-14 14:36:36.700000+00:00,3.1,DEAD SEA REGION,35.598,31.278,5.0,3701.2286030092596
2008-04-13 08:17:42+00:00,3.3,DEAD SEA REGION,35.5886,31.2895,10.0,3699.9654699074076
2008-04-04 14:06:46+00:00,3.0,EGYPT,34.78,28.773,19.8,3691.207877314815
2008-04-04 14:05:19.800000+00:00,4.1,EGYPT,34.7878,28.7954,10.0,3691.2068796296294
2008-05-29 07:16:23.700000+00:00,3.7,RED SEA,34.6019,27.9289,20.0,3745.922896990741
2008-05-29 06:10:55.300000+00:00,3.4,WESTERN SAUDI ARABIA,35.0631,27.8753,2.0,3745.877429398148
2008-05-25 18:04:19.700000+00:00,3.3,EGYPT,34.9061,29.485,20.0,3742.3728506944444
2008-05-24 00:37:54.600000+00:00,3.0,RED SEA,34.299,27.856,11.6,3740.646171296296
2008-05-21 08:28:51.600000+00:00,3.3,DEAD SEA REGION,34.9635,30.8959,2.0,3737.9732199074074
2008-05-19 08:56:22.300000+00:00,3.8,EGYPT,33.1723,28.581,5.0,3735.992325231481
2008-05-04 01:08:13.400000+00:00,3.2,EGYPT,33.9621,27.5042,12.0,3720.6672222222223
2008-06-26 23:25:21.400000+00:00,3.4,EGYPT,33.6594,27.8203,12.0,3774.595787037037
2008-06-23 12:34:17.600000+00:00,3.2,DEAD SEA REGION,35.213,31.11,7.1,3771.1436597222223
2008-06-22 04:17:17+00:00,3.1,EGYPT,34.7037,28.7515,10.0,3769.7985138888894
2008-06-21 17:59:47+00:00,3.9,EGYPT,30.637,29.782,6.2,3769.3696944444446
2008-06-03 15:04:31.600000+00:00,3.1,RED SEA,35.1193,26.8918,40.0,3751.247988425926
2008-07-06 23:40:08.700000+00:00,3.4,WESTERN SAUDI ARABIA,35.243,27.17,26.8,3784.606056712963
2008-08-17 01:11:24.600000+00:00,3.0,DEAD SEA REGION,35.64,31.371,10.1,3825.669435185185
2008-08-14 20:29:10+00:00,3.1,EGYPT,33.6426,28.1289,2.0,3823.4734328703707
2008-08-14 12:07:41.400000+00:00,3.3,DEAD SEA REGION,35.1707,31.1808,20.0,3823.1251851851853
2008-08-13 14:12:50.200000+00:00,3.5,DEAD SEA REGION,34.93,30.89,2.0,3822.212092592593
2008-09-15 18:27:28+00:00,3.2,EGYPT,34.2589,28.0574,0.4,3855.3889189814818
2008-08-28 13:49:54.100000+00:00,3.3,DEAD SEA REGION,34.9362,30.9283,2.0,3837.196165509259
2008-10-23 01:52:46.600000+00:00,3.3,RED SEA,35.0073,26.9865,2.0,3892.698162037037
2008-10-06 03:06:21.600000+00:00,3.3,RED SEA,34.527,27.372,23.3,3875.749261574074
2008-11-09 01:43:13.400000+00:00,3.4,RED SEA,35.886,26.051,27.0,3909.691527777778
2008-12-19 08:18:06.100000+00:00,3.6,DEAD SEA REGION,34.9771,30.881,2.0,3949.9657488425923
2008-12-14 02:59:08.100000+00:00,3.5,RED SEA,34.509,27.421,28.5,3944.7442442129627
2008-12-12 08:55:08.600000+00:00,3.0,DEAD SEA REGION,35.0905,31.0273,10.0,3942.991472222222
2008-12-10 03:38:23.600000+00:00,3.0,EGYPT,34.057,28.16,7.2,3940.7715069444444
2008-12-05 10:23:50.300000+00:00,3.0,DEAD SEA REGION,35.1941,31.1704,20.0,3936.053065972222
2009-01-22 11:29:11.500000+00:00,3.2,DEAD SEA REGION,35.227,31.148,15.0,3984.098450231482
2009-01-19 12:11:18.300000+00:00,3.3,EGYPT,33.6295,27.9487,10.0,3981.1276956018514
2008-12-28 09:36:35+00:00,3.1,EGYPT,34.218,28.236,12.3,3959.0202500000005
2009-03-19 21:50:40.400000+00:00,3.0,DEAD SEA REGION,35.1909,31.4126,12.0,4040.5300347222224
2009-04-21 13:18:29.300000+00:00,3.5,DEAD SEA REGION,35.521,31.4797,19.8,4073.174350694444
2009-04-21 01:37:34.200000+00:00,3.4,DEAD SEA REGION,35.5749,31.4763,10.0,4072.687601851852
2009-05-16 15:33:26.600000+00:00,3.5,JORDAN-SAUDI ARABIA BORDER REG,35.862,29.402,0.0,4098.268069444444
2009-05-08 19:07:15.100000+00:00,3.1,EGYPT,34.7893,29.1753,5.0,4090.4165474537035
2009-05-07 05:11:30.300000+00:00,3.9,DEAD SEA REGION,35.1515,31.7422,8.0,4088.836167824074
2009-06-16 04:02:12.200000+00:00,4.1,RED SEA,34.6967,27.4373,10.0,4128.788041666667
2009-05-28 08:48:56.500000+00:00,4.1,WESTERN SAUDI ARABIA,35.8986,27.4333,2.0,4109.987165509259
2009-07-19 15:34:21.700000+00:00,3.5,DEAD SEA REGION,34.9807,30.8864,8.0,4162.2687071759265
2009-07-04 06:33:40.500000+00:00,3.6,JORDAN-SAUDI ARABIA BORDER REG,35.84,29.411,0.0,4146.8932303240745
2009-07-04 00:21:49.900000+00:00,3.8,JORDAN-SAUDI ARABIA BORDER REG,35.711,29.524,8.4,4146.635005787037
2009-07-03 06:03:47.500000+00:00,3.0,EGYPT,34.7218,23.5392,10.0,4145.87247800926
2009-07-02 14:14:41+00:00,3.7,JORDAN-SAUDI ARABIA BORDER REG,35.986,29.446,15.0,4145.213375
2009-06-30 12:07:57.200000+00:00,3.3,JORDAN-SAUDI ARABIA BORDER REG,35.767,29.585,3.5,4143.125368055556
2009-06-30 01:45:00.100000+00:00,3.2,JORDAN-SAUDI ARABIA BORDER REG,35.418,29.456,13.5,4142.692762731482
2009-08-14 18:17:34.400000+00:00,3.1,EGYPT,34.3838,29.9412,8.0,4188.382048611111
2009-08-13 09:26:47.500000+00:00,3.0,DEAD SEA REGION,35.1483,31.0806,10.0,4187.013450231481
2009-08-08 22:54:42.800000+00:00,3.0,EGYPT,34.96,29.322,45.6,4182.574506944444
2009-07-27 13:39:39.900000+00:00,3.3,DEAD SEA REGION,35.141,30.9777,2.0,4170.189056712963
2009-09-05 00:02:03.900000+00:00,3.3,DEAD SEA REGION,35.5287,31.076,5.0,4209.621278935185
2009-11-04 00:17:56.100000+00:00,3.1,EGYPT,34.6823,28.5113,2.0,4269.632299768518
2009-12-29 06:28:42.700000+00:00,3.2,EGYPT,34.6719,28.7364,2.0,4324.889783564815
2009-12-26 01:54:53.900000+00:00,3.5,DEAD SEA REGION,35.1869,30.0552,10.0,4321.699635416667
2010-02-15 11:00:18+00:00,3.0,RED SEA,34.614,27.262,25.4,4373.078386574074
2010-03-18 23:30:28.200000+00:00,3.3,EGYPT,32.775,23.587,4.0,4404.599337962964
2010-03-09 19:58:02.800000+00:00,3.5,EGYPT,33.4936,27.6908,5.0,4395.451821759259
2010-03-08 05:41:15+00:00,3.1,EGYPT,33.4231,27.8864,2.0,4393.856824074074
2010-02-21 22:42:34+00:00,3.3,RED SEA,34.828,26.7491,10.0,4379.566071759259
2010-02-21 12:31:22+00:00,3.4,RED SEA,34.82,26.709,23.2,4379.141627314815
2010-03-25 21:48:06.700000+00:00,3.2,EGYPT,33.052,25.381,0.0,4411.528255787037
2010-05-30 18:12:44.400000+00:00,3.9,RED SEA,34.6483,27.814,15.0,4477.37869212963
2010-05-21 08:23:31+00:00,3.1,RED SEA,34.8421,27.9938,15.0,4467.969509259259
2010-07-15 16:34:05+00:00,3.3,RED SEA,35.301,26.698,23.6,4523.310180555556
2010-07-15 16:25:45+00:00,3.5,RED SEA,35.353,26.724,27.2,4523.304393518519
2010-07-15 11:25:55+00:00,4.3,EGYPT,34.7497,28.9653,20.0,4523.096175925926
2010-07-25 07:11:13+00:00,3.2,RED SEA,34.16,27.808,25.9,4532.919300925926
2010-07-19 09:17:27.500000+00:00,3.1,DEAD SEA REGION,34.9218,30.8765,2.0,4527.00696875
2010-10-24 20:07:45.200000+00:00,3.4,EGYPT,33.499,27.9683,10.0,4624.4585625
2010-10-19 16:47:57.600000+00:00,3.5,DEAD SEA REGION,35.2896,30.3964,10.0,4619.31981712963
2010-12-01 05:08:49.900000+00:00,3.5,DEAD SEA REGION,35.3995,31.4936,5.0,4661.834311342593
2011-01-03 11:06:44.800000+00:00,3.1,DEAD SEA REGION,34.7965,30.9807,2.0,4695.082863425926
2010-12-22 17:23:22.300000+00:00,3.8,RED SEA,34.8055,27.1767,20.0,4683.344408564814
2011-02-20 04:52:37.600000+00:00,4.2,RED SEA,34.0658,27.8811,10.0,4742.823057870371
2011-02-20 01:27:04.700000+00:00,4.5,RED SEA,34.0299,27.7725,10.0,4742.680315972222
2011-06-22 23:43:14.100000+00:00,4.3,RED SEA,35.0381,26.7156,2.0,4865.6082025462965
2011-11-03 11:23:18+00:00,3.5,EGYPT,34.6322,28.1508,5.0,4999.094358796297
2011-11-19 07:12:15.500000+00:00,4.8,RED SEA,34.0701,27.7519,10.0,5014.920024305556
2012-01-30 17:04:24.600000+00:00,4.6,RED SEA,34.18,27.71,-2.0,5087.33124074074
2012-03-22 04:17:03.100000+00:00,3.7,DEAD SEA REGION,35.48,31.28,-24.0,5138.798353009259
2012-06-10 09:29:00.200000+00:00,4.1,RED SEA,34.1,27.71,-12.0,5219.014986111111
2012-10-08 19:14:38.500000+00:00,3.9,JORDAN-SAUDI ARABIA BORDER REG,35.06,29.26,-8.0,5339.421679398149
2013-01-17 21:17:35.400000+00:00,4.9,EGYPT,30.6,31.98,-10.0,5440.507060185185
2013-04-07 15:58:01.500000+00:00,4.4,RED SEA,34.05,27.72,-10.0,5520.285140046297
2013-06-01 11:49:27.400000+00:00,4.8,EGYPT,33.36,28.41,-2.0,5575.112523148148
2013-06-11 21:22:14+00:00,3.3,DEAD SEA REGION,35.34,30.55,-10.0,5585.510284722222
2013-08-31 07:15:51.100000+00:00,3.8,EGYPT,26.67,31.02,-20.0,5665.922519675926
2013-09-12 01:20:03.300000+00:00,3.4,DEAD SEA REGION,35.59,31.73,-20.0,5677.6754386574075
2013-10-23 12:33:53.300000+00:00,3.3,EGYPT,34.89,29.48,-10.0,5719.143378472222
2013-12-12 21:02:23+00:00,3.5,DEAD SEA REGION,35.21,31.36,-6.0,5769.4965
2013-12-07 11:22:45.100000+00:00,3.5,DEAD SEA REGION,35.06,31.43,-3.0,5764.093978009259
2014-01-24 12:30:00+00:00,3.8,EGYPT,34.5,29.64,-16.0,5812.140678240741
2014-05-24 07:27:29.800000+00:00,4.4,DEAD SEA REGION,35.3,30.5,-14.0,5931.930606481481
2014-07-22 13:20:00.900000+00:00,3.5,EGYPT,32.26,30.03,-23.0,5991.175410879629
2014-07-22 03:03:44.100000+00:00,4.7,EGYPT,32.61,29.82,-2.0,5990.747438657408
2014-07-18 20:01:28.500000+00:00,4.2,EGYPT,32.26,30.08,-10.0,5987.454202546297
2014-08-12 20:56:00.900000+00:00,3.2,EGYPT,30.2,24.29,-5.0,6012.492077546296
2014-08-06 10:03:56.700000+00:00,3.0,EGYPT,32.88,28.4,-20.0,6006.039251157407
2015-01-06 17:02:31+00:00,3.3,DEAD SEA REGION,35.53,31.3,-1.0,6159.329925925927
2015-02-27 12:53:08.400000+00:00,4.5,EGYPT,30.91,31.78,-10.0,6211.156747685185
2015-07-08 02:15:31.400000+00:00,3.5,EGYPT,34.62,28.95,-12.0,6341.713958333334
2015-06-27 15:34:02.300000+00:00,5.5,EGYPT,34.69,28.95,-10.0,6331.268482638889
2015-08-15 07:39:48.600000+00:00,3.1,DEAD SEA REGION,35.51,31.29,-11.0,6379.939157407408
2015-07-30 02:39:05.800000+00:00,4.4,DEAD SEA REGION,35.35,31.36,-10.0,6363.730328703703
2015-09-03 01:44:39.500000+00:00,4.5,EGYPT,28.44,30.51,-10.0,6398.692524305556
2016-02-07 12:35:49.900000+00:00,3.9,DEAD SEA REGION,35.12,30.04,-17.0,6556.144728009259
2016-04-15 04:15:03.700000+00:00,3.4,DEAD SEA REGION,35.41,31.27,-20.0,6623.796971064814
2016-05-16 01:45:59.700000+00:00,4.9,EGYPT,34.65,28.56,-10.0,6654.693452546296
2016-04-18 02:41:48.200000+00:00,3.3,DEAD SEA REGION,34.42,30.49,-5.0,6626.732208333333
2016-07-09 14:03:24.300000+00:00,4.0,EGYPT,30.55,31.9,-10.0,6709.205542824074
2016-11-29 17:01:13.800000+00:00,4.5,EGYPT,34.58,28.58,-15.0,6852.329032407407
2016-12-27 01:49:01.900000+00:00,4.1,EGYPT,34.71,28.55,-20.0,6879.695561342593
2017-01-21 16:54:24.200000+00:00,4.3,EGYPT,31.9,30.31,-5.0,6905.324291666666
2017-01-17 15:49:52+00:00,4.0,EGYPT,31.95,30.36,-10.0,6901.2794745370375
2017-02-24 15:58:27.900000+00:00,3.2,DEAD SEA REGION,35.4,31.28,-21.0,6939.285445601852
2017-03-21 17:39:44.900000+00:00,3.6,EGYPT,34.8,29.11,-9.0,6964.35578125
2017-05-19 14:16:21.500000+00:00,4.1,RED SEA,34.54,27.93,-2.0,7023.214538194445
2018-01-10 05:23:10.300000+00:00,4.2,EGYPT,31.71,31.81,-10.0,7258.844269675926
2018-03-30 07:44:28.300000+00:00,3.3,EGYPT,31.62,29.97,-10.0,7337.942394675925
2018-04-28 06:50:21.600000+00:00,3.6,DEAD SEA REGION,35.56,31.31,-10.0,7366.90481712963
2018-04-28 04:45:01+00:00,3.5,DEAD SEA REGION,35.58,31.32,-10.0,7366.817773148148
2018-12-31 10:36:34+00:00,4.0,EGYPT,31.78,30.08,-20.0,7614.0619050925925
2018-12-26 03:38:59.500000+00:00,3.8,DEAD SEA REGION,35.54,31.36,-12.0,7608.771922453704
2019-01-15 15:59:54.100000+00:00,3.9,JORDAN-SAUDI ARABIA BORDER REG,35.03,29.41,-20.0,7629.286443287037
2019-01-15 00:45:00.500000+00:00,3.4,EGYPT,31.65,29.07,-18.0,7628.651100694445
2019-02-01 20:02:00+00:00,3.1,EGYPT,30.93,27.45,-15.0,7646.45456712963
2019-06-26 08:53:41.900000+00:00,4.0,DEAD SEA REGION,35.53,31.16,-10.0,7790.99046875
2019-09-16 10:35:31.300000+00:00,3.7,EGYPT,34.36,29.96,-12.0,7873.061179398148
2019-11-25 11:48:46.600000+00:00,3.8,DEAD SEA REGION,35.52,31.33,-12.0,7943.112050925926
2019-11-25 11:39:31.300000+00:00,3.7,DEAD SEA REGION,35.55,31.33,-12.0,7943.105623842593
2019-11-25 08:07:44+00:00,3.3,DEAD SEA REGION,35.53,31.34,-12.0,7942.958548611112
2020-01-18 21:46:14.800000+00:00,4.3,RED SEA,34.78,26.98,-10.0,7997.526960648148
2020-04-11 16:31:00.200000+00:00,4.4,EGYPT,26.72,31.38,-10.0,8081.308041666666
2020-04-10 16:31:06.100000+00:00,4.1,DEAD SEA REGION,35.27,30.74,-22.0,8080.308109953704
2020-04-05 05:04:07+00:00,4.3,EGYPT,34.85,28.96,-19.0,8074.831037037037
2020-05-06 00:56:21.300000+00:00,3.2,DEAD SEA REGION,35.13,30.7,-5.0,8105.658980324074
2020-06-16 14:30:27.200000+00:00,5.4,RED SEA,34.7,27.3,-10.0,8147.224326388889
2020-06-03 20:57:36.900000+00:00,4.0,SUDAN,35.99,22.02,-12.0,8134.493188657408
2020-07-09 13:46:33+00:00,3.8,EGYPT,32.62,29.08,-12.0,8170.193837962963
2020-09-25 20:22:33.900000+00:00,3.8,EGYPT,33.99,27.49,-16.0,8248.468848379629
2020-12-15 02:30:10.100000+00:00,3.9,JORDAN-SAUDI ARABIA BORDER REG,35.03,29.57,-10.0,8328.724128472222
2021-02-19 08:40:41.900000+00:00,4.6,EGYPT,28.71,22.91,-12.0,8394.981440972222
2021-02-06 16:14:49.800000+00:00,4.2,EGYPT,34.64,22.18,-20.0,8382.296810185186
2021-06-15 23:08:52.600000+00:00,4.1,DEAD SEA REGION,34.99,30.18,-10.0,8511.584342592592
2022-02-12 04:06:51.700000+00:00,3.8,RED SEA,34.29,27.63,-14.0,8752.79127662037
2022-02-01 09:01:21.200000+00:00,4.1,EGYPT,31.62,29.29,-6.0,8741.995784722221
2022-03-15 01:01:24.800000+00:00,4.0,EGYPT,31.26,24.51,-3.0,8783.662493055555
2022-09-03 13:21:33.200000+00:00,3.7,EGYPT,28.38,30.63,-3.0,8956.176479166666
2022-12-29 14:54:58.300000+00:00,4.4,EGYPT,33.42,28.02,-15.0,9073.241353009258
2022-12-29 02:58:30.700000+00:00,3.9,EGYPT,33.43,28.01,-20.0,9072.743811342592
2022-12-28 23:19:25.700000+00:00,3.7,EGYPT,32.89,25.41,-4.0,9072.591670138889
2022-12-27 00:11:02.900000+00:00,4.7,EGYPT,33.27,28.06,-10.0,9070.62751736111
2023-02-02 23:41:15.100000+00:00,4.2,RED SEA,34.07,27.5,-8.0,9108.606825231482
2023-02-23 22:25:41.900000+00:00,4.1,EGYPT,32.54,30.24,-20.0,9129.554357638888
2023-03-29 22:55:55.200000+00:00,4.1,RED SEA,35.93,25.08,-10.0,9163.575344907407
2023-03-22 00:01:09.300000+00:00,4.0,EGYPT,33.26,24.39,-9.0,9155.620646990741
2023-04-14 23:58:25.500000+00:00,4.3,RED SEA,34.11,27.48,-10.0,9179.618751157408
2023-05-16 19:05:55.800000+00:00,4.3,EGYPT,34.66,28.82,-16.0,9211.41562962963
2023-05-13 19:12:17.300000+00:00,3.8,EGYPT,33.4,28.01,-20.0,9208.420045138888
2024-01-23 11:18:43.830000+00:00,4.4,EGYPT,32.9658,25.3928,-22.5,9463.091185532407
2024-03-09 22:04:43.670000+00:00,3.7,EGYPT,30.8955,25.947,-3.3,9509.539794791666
2024-07-21 20:15:06.460000+00:00,3.8,DEAD SEA REGION,35.3857,31.4582,-9.2,9643.463669675924
2024-10-31 04:35:02.620000+00:00,4.3,EGYPT,34.3375,28.2873,-10.0,9744.810847453704
2025-03-16 11:31:47.660000+00:00,4.0,EGYPT,34.7035,28.8298,-18.6,9881.10025763889
2025-03-06 11:42:28.870000+00:00,4.2,EGYPT,34.8032,28.9687,-19.3,9871.107679050927
2025-07-13 04:52:14.337297+00:00,3.0,EGYPT,34.727,29.1567,-4.7,9999.822788626123
2025-07-10 07:12:57.651297+00:00,3.0,EGYPT,34.7231,29.1544,-5.0,9996.92051216779
2025-12-25 04:05:19.030000+00:00,4.1,EGYPT,33.3408,25.2728,-4.5,10164.790204050925
2026-01-15 07:00:25.120000+00:00,4.2,DEAD SEA REGION,35.4286,31.075,-9.5,10185.911802314815
2026-03-26 20:28:42.100000+00:00,4.2,EGYPT,33.9727,27.5125,-19.0,10256.473109953704
2026-04-26 00:13:34.960000+00:00,4.3,EGYPT,33.3575,29.0022,-26.1,10286.629277314814
2026-06-14 11:51:07.260000+00:00,3.9,RED SEA,34.2218,27.6195,-14.7,10336.113678935186
2026-08-03 00:00:33.060000+00:00,5.0,EGYPT,32.6397,30.3328,-3.1,10385.620227546297
